date,year,month,sudden-onset environmental disaster,environmental cooperation,environmental government initiatives,environmental security,environmental -999,environmental arrest,human-induced disaster,displacement,-999,environmental legal action,environmental opinion,slow-onset environmental disaster,environmental corruption,environmental crime,environmental legal change,environmental activism,environmental corporate initiatives,lethal environmental violence,environmental protests,nonlethal environmental violence,total_articles,total_from_source,total_label_events,total_local_docs,sudden-onset environmental disaster_norm,environmental cooperation_norm,environmental government initiatives_norm,environmental security_norm,environmental -999_norm,environmental arrest_norm,human-induced disaster_norm,displacement_norm,-999_norm,environmental legal action_norm,environmental opinion_norm,slow-onset environmental disaster_norm,environmental corruption_norm,environmental crime_norm,environmental legal change_norm,environmental activism_norm,environmental corporate initiatives_norm,lethal environmental violence_norm,environmental protests_norm,nonlethal environmental violence_norm
2012-01-01,2012,1,0,0,2,0,2,0,2,0,3,0,4,4,1,0,0,0,1,0,0,0,18,18,19,1894,0.0,0.0,0.0010559662090813100,0.0,0.0010559662090813100,0.0,0.0010559662090813100,0.0,0.0015839493136219600,0.0,0.0021119324181626200,0.0021119324181626200,0.0005279831045406550,0.0,0.0,0.0,0.0005279831045406550,0.0,0.0,0.0
2012-02-01,2012,2,3,0,1,0,0,0,0,1,1,0,3,1,0,0,0,2,0,0,0,0,11,11,12,1748,0.0017162471395881000,0.0,0.0005720823798627000,0.0,0.0,0.0,0.0,0.0005720823798627000,0.0005720823798627000,0.0,0.0017162471395881000,0.0005720823798627000,0.0,0.0,0.0,0.0011441647597254000,0.0,0.0,0.0,0.0
2012-03-01,2012,3,0,1,3,0,4,0,1,0,3,0,5,5,0,2,0,0,0,0,0,0,22,22,24,1837,0.0,0.0005443658138268920,0.001633097441480680,0.0,0.002177463255307570,0.0,0.0005443658138268920,0.0,0.001633097441480680,0.0,0.0027218290691344600,0.0027218290691344600,0.0,0.0010887316276537800,0.0,0.0,0.0,0.0,0.0,0.0
2012-04-01,2012,4,0,0,1,0,11,0,5,0,5,1,3,2,0,1,1,0,0,0,1,0,28,28,31,1814,0.0,0.0,0.0005512679162072770,0.0,0.006063947078280040,0.0,0.0027563395810363800,0.0,0.0027563395810363800,0.0005512679162072770,0.0016538037486218300,0.0011025358324145500,0.0,0.0005512679162072770,0.0005512679162072770,0.0,0.0,0.0,0.0005512679162072770,0.0
2012-05-01,2012,5,1,0,0,0,8,0,4,0,4,1,3,0,0,1,1,0,0,0,0,0,19,19,23,1831,0.0005461496450027310,0.0,0.0,0.0,0.004369197160021850,0.0,0.002184598580010920,0.0,0.002184598580010920,0.0005461496450027310,0.0016384489350081900,0.0,0.0,0.0005461496450027310,0.0005461496450027310,0.0,0.0,0.0,0.0,0.0
2012-06-01,2012,6,0,0,3,0,3,0,3,0,3,0,3,1,0,0,0,0,1,0,0,0,17,17,17,1652,0.0,0.0,0.0018159806295399500,0.0,0.0018159806295399500,0.0,0.0018159806295399500,0.0,0.0018159806295399500,0.0,0.0018159806295399500,0.0006053268765133170,0.0,0.0,0.0,0.0,0.0006053268765133170,0.0,0.0,0.0
2012-07-01,2012,7,0,0,2,0,4,0,3,0,2,0,5,3,0,1,0,0,0,0,0,0,17,17,20,1614,0.0,0.0,0.0012391573729863700,0.0,0.0024783147459727400,0.0,0.0018587360594795500,0.0,0.0012391573729863700,0.0,0.0030978934324659200,0.0018587360594795500,0.0,0.0006195786864931850,0.0,0.0,0.0,0.0,0.0,0.0
2012-08-01,2012,8,4,0,1,0,3,0,0,0,3,0,3,3,0,0,0,0,1,0,0,0,16,16,18,1548,0.002583979328165380,0.0,0.0006459948320413440,0.0,0.001937984496124030,0.0,0.0,0.0,0.001937984496124030,0.0,0.001937984496124030,0.001937984496124030,0.0,0.0,0.0,0.0,0.0006459948320413440,0.0,0.0,0.0
2012-09-01,2012,9,1,0,0,0,4,0,3,0,3,0,6,2,0,1,0,0,0,0,0,0,14,14,20,1544,0.0006476683937823830,0.0,0.0,0.0,0.0025906735751295300,0.0,0.0019430051813471500,0.0,0.0019430051813471500,0.0,0.0038860103626943000,0.0012953367875647700,0.0,0.0006476683937823830,0.0,0.0,0.0,0.0,0.0,0.0
2012-10-01,2012,10,1,0,2,0,3,0,1,0,5,0,7,2,0,0,1,0,0,0,0,0,18,18,22,1614,0.0006195786864931850,0.0,0.0012391573729863700,0.0,0.0018587360594795500,0.0,0.0006195786864931850,0.0,0.0030978934324659200,0.0,0.004337050805452290,0.0012391573729863700,0.0,0.0,0.0006195786864931850,0.0,0.0,0.0,0.0,0.0
2012-11-01,2012,11,3,0,6,0,12,0,5,0,4,0,7,1,0,0,0,1,0,0,0,0,32,32,39,1711,0.0017533606078316800,0.0,0.0035067212156633500,0.0,0.0070134424313267100,0.0,0.0029222676797194600,0.0,0.0023378141437755700,0.0,0.004091174751607250,0.0005844535359438920,0.0,0.0,0.0,0.0005844535359438920,0.0,0.0,0.0,0.0
2012-12-01,2012,12,1,0,3,0,1,0,2,0,0,0,2,0,0,0,0,0,1,0,0,0,9,9,10,1719,0.0005817335660267600,0.0,0.0017452006980802800,0.0,0.0005817335660267600,0.0,0.0011634671320535200,0.0,0.0,0.0,0.0011634671320535200,0.0,0.0,0.0,0.0,0.0,0.0005817335660267600,0.0,0.0,0.0
2013-01-01,2013,1,1,0,1,0,3,0,0,0,7,1,1,0,1,1,0,0,0,0,0,0,13,13,16,1586,0.0006305170239596470,0.0,0.0006305170239596470,0.0,0.0018915510718789400,0.0,0.0,0.0,0.004413619167717530,0.0006305170239596470,0.0006305170239596470,0.0,0.0006305170239596470,0.0006305170239596470,0.0,0.0,0.0,0.0,0.0,0.0
2013-02-01,2013,2,0,0,2,0,3,0,1,0,1,0,1,1,0,0,0,1,1,0,0,0,10,10,11,1518,0.0,0.0,0.0013175230566534900,0.0,0.001976284584980240,0.0,0.0006587615283267460,0.0,0.0006587615283267460,0.0,0.0006587615283267460,0.0006587615283267460,0.0,0.0,0.0,0.0006587615283267460,0.0006587615283267460,0.0,0.0,0.0
2013-03-01,2013,3,2,2,1,0,6,0,2,0,9,0,4,0,0,0,1,3,0,0,0,0,29,29,30,1608,0.0012437810945273600,0.0012437810945273600,0.0006218905472636820,0.0,0.0037313432835820900,0.0,0.0012437810945273600,0.0,0.005597014925373130,0.0,0.0024875621890547300,0.0,0.0,0.0,0.0006218905472636820,0.0018656716417910400,0.0,0.0,0.0,0.0
2013-04-01,2013,4,0,0,2,0,2,0,2,0,3,0,1,0,0,0,0,1,1,0,0,1,11,11,13,1721,0.0,0.0,0.0011621150493898900,0.0,0.0011621150493898900,0.0,0.0011621150493898900,0.0,0.0017431725740848300,0.0,0.0005810575246949450,0.0,0.0,0.0,0.0,0.0005810575246949450,0.0005810575246949450,0.0,0.0,0.0005810575246949450
2013-05-01,2013,5,1,1,1,0,7,0,1,0,4,0,9,1,0,0,0,1,1,0,0,0,20,20,27,1765,0.0005665722379603400,0.0005665722379603400,0.0005665722379603400,0.0,0.00396600566572238,0.0,0.0005665722379603400,0.0,0.0022662889518413600,0.0,0.0050991501416430600,0.0005665722379603400,0.0,0.0,0.0,0.0005665722379603400,0.0005665722379603400,0.0,0.0,0.0
2013-06-01,2013,6,0,2,0,0,8,0,1,1,4,0,7,0,0,1,0,0,0,0,0,0,21,21,24,1638,0.0,0.001221001221001220,0.0,0.0,0.004884004884004880,0.0,0.0006105006105006110,0.0006105006105006110,0.002442002442002440,0.0,0.004273504273504270,0.0,0.0,0.0006105006105006110,0.0,0.0,0.0,0.0,0.0,0.0
2013-07-01,2013,7,2,0,1,0,5,0,4,0,7,0,2,0,0,1,1,0,1,0,0,0,22,22,24,1880,0.0010638297872340400,0.0,0.0005319148936170210,0.0,0.0026595744680851100,0.0,0.002127659574468090,0.0,0.003723404255319150,0.0,0.0010638297872340400,0.0,0.0,0.0005319148936170210,0.0005319148936170210,0.0,0.0005319148936170210,0.0,0.0,0.0
2013-08-01,2013,8,2,0,1,0,3,0,3,0,5,0,2,2,0,0,0,0,0,0,0,0,17,17,18,1358,0.0014727540500736400,0.0,0.0007363770250368190,0.0,0.0022091310751104600,0.0,0.0022091310751104600,0.0,0.003681885125184090,0.0,0.0014727540500736400,0.0014727540500736400,0.0,0.0,0.0,0.0,0.0,0.0,0.0,0.0
2013-09-01,2013,9,2,0,2,0,2,0,3,0,3,0,1,0,0,2,0,0,0,0,0,0,12,12,15,1632,0.0012254901960784300,0.0,0.0012254901960784300,0.0,0.0012254901960784300,0.0,0.001838235294117650,0.0,0.001838235294117650,0.0,0.0006127450980392160,0.0,0.0,0.0012254901960784300,0.0,0.0,0.0,0.0,0.0,0.0
2013-10-01,2013,10,0,0,1,1,6,0,3,0,4,0,5,0,0,0,0,1,0,0,0,0,17,17,21,1509,0.0,0.0,0.0006626905235255140,0.0006626905235255140,0.003976143141153080,0.0,0.0019880715705765400,0.0,0.0026507620941020500,0.0,0.0033134526176275700,0.0,0.0,0.0,0.0,0.0006626905235255140,0.0,0.0,0.0,0.0
2013-11-01,2013,11,3,0,0,0,9,0,1,0,1,0,2,2,0,1,0,0,0,0,0,0,17,17,19,1216,0.0024671052631578900,0.0,0.0,0.0,0.007401315789473680,0.0,0.0008223684210526320,0.0,0.0008223684210526320,0.0,0.001644736842105260,0.001644736842105260,0.0,0.0008223684210526320,0.0,0.0,0.0,0.0,0.0,0.0
2013-12-01,2013,12,0,0,4,1,3,0,3,0,4,1,4,0,0,0,0,0,0,0,0,0,17,17,20,1073,0.0,0.0,0.003727865796831310,0.0009319664492078290,0.0027958993476234900,0.0,0.0027958993476234900,0.0,0.003727865796831310,0.0009319664492078290,0.003727865796831310,0.0,0.0,0.0,0.0,0.0,0.0,0.0,0.0,0.0
2014-01-01,2014,1,4,0,3,1,5,0,5,0,6,0,11,1,0,1,3,0,1,0,0,0,36,36,41,1961,0.002039775624681290,0.0,0.0015298317185109600,0.0005099439061703210,0.0025497195308516100,0.0,0.0025497195308516100,0.0,0.0030596634370219300,0.0,0.0056093829678735300,0.0005099439061703210,0.0,0.0005099439061703210,0.0015298317185109600,0.0,0.0005099439061703210,0.0,0.0,0.0
2014-02-01,2014,2,0,0,2,0,4,0,2,0,3,0,4,1,1,0,0,0,0,0,1,0,18,18,18,1709,0.0,0.0,0.0011702750146284400,0.0,0.0023405500292568800,0.0,0.0011702750146284400,0.0,0.0017554125219426600,0.0,0.0023405500292568800,0.0005851375073142190,0.0005851375073142190,0.0,0.0,0.0,0.0,0.0,0.0005851375073142190,0.0
2014-03-01,2014,3,1,0,2,0,13,0,4,0,8,0,4,4,1,1,0,0,1,0,0,0,31,31,39,1636,0.0006112469437652810,0.0,0.0012224938875305600,0.0,0.007946210268948660,0.0,0.0024449877750611200,0.0,0.004889975550122250,0.0,0.0024449877750611200,0.0024449877750611200,0.0006112469437652810,0.0006112469437652810,0.0,0.0,0.0006112469437652810,0.0,0.0,0.0
2014-04-01,2014,4,2,1,4,1,6,0,2,0,3,1,2,1,1,1,1,1,0,0,1,0,27,27,28,1978,0.0010111223458038400,0.0005055611729019210,0.0020222446916076800,0.0005055611729019210,0.003033367037411530,0.0,0.0010111223458038400,0.0,0.0015166835187057600,0.0005055611729019210,0.0010111223458038400,0.0005055611729019210,0.0005055611729019210,0.0005055611729019210,0.0005055611729019210,0.0005055611729019210,0.0,0.0,0.0005055611729019210,0.0
2014-05-01,2014,5,1,0,2,0,3,0,5,0,1,0,4,2,1,0,1,0,0,0,0,0,19,19,20,1753,0.0005704506560182540,0.0,0.0011409013120365100,0.0,0.0017113519680547600,0.0,0.002852253280091270,0.0,0.0005704506560182540,0.0,0.0022818026240730200,0.0011409013120365100,0.0005704506560182540,0.0,0.0005704506560182540,0.0,0.0,0.0,0.0,0.0
2014-06-01,2014,6,0,0,2,0,7,0,3,0,4,0,2,1,0,1,1,0,0,0,0,0,18,18,21,1591,0.0,0.0,0.001257071024512890,0.0,0.0043997485857951000,0.0,0.0018856065367693300,0.0,0.00251414204902577,0.0,0.001257071024512890,0.0006285355122564430,0.0,0.0006285355122564430,0.0006285355122564430,0.0,0.0,0.0,0.0,0.0
2014-07-01,2014,7,2,0,3,0,3,0,1,0,4,0,6,3,1,2,0,0,0,0,0,0,22,22,25,1786,0.0011198208286674100,0.0,0.0016797312430011200,0.0,0.0016797312430011200,0.0,0.0005599104143337070,0.0,0.0022396416573348300,0.0,0.0033594624860022400,0.0016797312430011200,0.0005599104143337070,0.0011198208286674100,0.0,0.0,0.0,0.0,0.0,0.0
2014-08-01,2014,8,1,0,4,0,7,0,2,1,1,0,1,0,0,0,1,0,0,0,0,0,17,17,18,1632,0.0006127450980392160,0.0,0.0024509803921568600,0.0,0.00428921568627451,0.0,0.0012254901960784300,0.0006127450980392160,0.0006127450980392160,0.0,0.0006127450980392160,0.0,0.0,0.0,0.0006127450980392160,0.0,0.0,0.0,0.0,0.0
2014-09-01,2014,9,1,0,0,0,7,0,5,0,3,0,4,2,1,0,0,0,0,0,0,0,21,21,23,1707,0.0005858230814294080,0.0,0.0,0.0,0.004100761570005860,0.0,0.0029291154071470400,0.0,0.0017574692442882200,0.0,0.0023432923257176300,0.0011716461628588200,0.0005858230814294080,0.0,0.0,0.0,0.0,0.0,0.0,0.0
2014-10-01,2014,10,2,1,2,0,8,0,4,0,5,0,5,2,0,0,0,1,2,0,0,1,30,30,33,1871,0.0010689470871191900,0.0005344735435595940,0.0010689470871191900,0.0,0.00427578834847675,0.0,0.002137894174238380,0.0,0.002672367717797970,0.0,0.002672367717797970,0.0010689470871191900,0.0,0.0,0.0,0.0005344735435595940,0.0010689470871191900,0.0,0.0,0.0005344735435595940
2014-11-01,2014,11,24,2,3,0,3,0,3,0,5,0,7,0,1,0,1,1,0,0,2,0,50,50,52,1703,0.014092777451556100,0.0011743981209630100,0.0017615971814445100,0.0,0.0017615971814445100,0.0,0.0017615971814445100,0.0,0.002935995302407520,0.0,0.004110393423370520,0.0,0.0005871990604815030,0.0,0.0005871990604815030,0.0005871990604815030,0.0,0.0,0.0011743981209630100,0.0
2014-12-01,2014,12,10,0,3,0,8,0,7,1,8,0,5,4,0,0,1,0,0,0,0,0,41,41,47,1740,0.005747126436781610,0.0,0.0017241379310344800,0.0,0.004597701149425290,0.0,0.004022988505747130,0.0005747126436781610,0.004597701149425290,0.0,0.0028735632183908000,0.0022988505747126400,0.0,0.0,0.0005747126436781610,0.0,0.0,0.0,0.0,0.0
2015-01-01,2015,1,1,1,5,0,8,0,4,0,3,0,4,1,1,0,0,0,0,0,1,0,25,25,29,1988,0.0005030181086519120,0.0005030181086519120,0.0025150905432595600,0.0,0.004024144869215290,0.0,0.002012072434607650,0.0,0.0015090543259557300,0.0,0.002012072434607650,0.0005030181086519120,0.0005030181086519120,0.0,0.0,0.0,0.0,0.0,0.0005030181086519120,0.0
2015-02-01,2015,2,3,0,3,0,2,0,1,1,5,0,3,1,0,0,0,1,0,0,0,0,18,18,20,1592,0.0018844221105527600,0.0,0.0018844221105527600,0.0,0.001256281407035180,0.0,0.000628140703517588,0.000628140703517588,0.00314070351758794,0.0,0.0018844221105527600,0.000628140703517588,0.0,0.0,0.0,0.000628140703517588,0.0,0.0,0.0,0.0
2015-03-01,2015,3,3,2,3,0,9,0,5,0,11,0,10,3,0,0,1,0,2,0,1,1,47,47,51,2513,0.001193792280143260,0.0007958615200955030,0.001193792280143260,0.0,0.003581376840429770,0.0,0.0019896538002387600,0.0,0.004377238360525270,0.0,0.003979307600477520,0.001193792280143260,0.0,0.0,0.0003979307600477520,0.0,0.0007958615200955030,0.0,0.0003979307600477520,0.0003979307600477520
2015-04-01,2015,4,1,1,7,0,14,0,8,0,9,1,9,4,0,0,0,2,1,0,0,0,48,48,57,2443,0.00040933278755628300,0.00040933278755628300,0.0028653295128939800,0.0,0.0057306590257879700,0.0,0.003274662300450270,0.0,0.0036839950880065500,0.00040933278755628300,0.0036839950880065500,0.001637331150225130,0.0,0.0,0.0,0.0008186655751125670,0.00040933278755628300,0.0,0.0,0.0
2015-05-01,2015,5,1,0,6,0,9,0,2,0,5,1,9,1,0,0,2,0,1,0,1,0,34,34,38,2293,0.0004361098996947230,0.0,0.0026166593981683400,0.0,0.0039249890972525100,0.0,0.0008722197993894460,0.0,0.002180549498473620,0.0004361098996947230,0.0039249890972525100,0.0004361098996947230,0.0,0.0,0.0008722197993894460,0.0,0.0004361098996947230,0.0,0.0004361098996947230,0.0
2015-06-01,2015,6,2,2,6,0,13,0,7,0,6,1,10,5,0,0,0,1,1,0,0,0,46,46,54,2474,0.0008084074373484240,0.0008084074373484240,0.002425222312045270,0.0,0.005254648342764750,0.0,0.0028294260307194800,0.0,0.002425222312045270,0.0004042037186742120,0.004042037186742120,0.002021018593371060,0.0,0.0,0.0,0.0004042037186742120,0.0004042037186742120,0.0,0.0,0.0
2015-07-01,2015,7,0,2,1,0,2,0,5,0,5,0,7,4,0,0,0,0,0,0,0,0,21,21,26,2207,0.0,0.0009062075215224290,0.00045310376076121400,0.0,0.0009062075215224290,0.0,0.0022655188038060700,0.0,0.0022655188038060700,0.0,0.0031717263253285000,0.0018124150430448600,0.0,0.0,0.0,0.0,0.0,0.0,0.0,0.0
2015-08-01,2015,8,1,0,1,0,4,0,1,0,3,1,2,12,0,2,0,0,0,0,0,0,26,26,27,2276,0.0004393673110720560,0.0,0.0004393673110720560,0.0,0.0017574692442882200,0.0,0.0004393673110720560,0.0,0.0013181019332161700,0.0004393673110720560,0.0008787346221441120,0.005272407732864680,0.0,0.0008787346221441120,0.0,0.0,0.0,0.0,0.0,0.0
2015-09-01,2015,9,5,0,2,0,7,0,3,0,5,0,9,0,0,0,0,2,0,0,0,0,30,30,33,2238,0.002234137622877570,0.0,0.0008936550491510280,0.0,0.003127792672028600,0.0,0.0013404825737265400,0.0,0.002234137622877570,0.0,0.004021447721179630,0.0,0.0,0.0,0.0,0.0008936550491510280,0.0,0.0,0.0,0.0
2015-10-01,2015,10,5,0,4,0,10,0,3,0,9,0,9,3,0,0,1,0,1,0,2,0,44,44,47,2362,0.0021168501270110100,0.0,0.001693480101608810,0.0,0.004233700254022020,0.0,0.0012701100762066000,0.0,0.003810330228619810,0.0,0.003810330228619810,0.0012701100762066000,0.0,0.0,0.0004233700254022020,0.0,0.0004233700254022020,0.0,0.000846740050804403,0.0
2015-11-01,2015,11,1,0,3,0,5,0,4,0,5,0,14,2,0,0,1,0,2,0,1,0,34,34,38,2121,0.0004714757190004720,0.0,0.0014144271570014100,0.0,0.0023573785950023600,0.0,0.001885902876001890,0.0,0.0023573785950023600,0.0,0.006600660066006600,0.000942951438000943,0.0,0.0,0.0004714757190004720,0.0,0.000942951438000943,0.0,0.0004714757190004720,0.0
2015-12-01,2015,12,3,1,5,0,15,0,0,0,10,0,12,5,1,1,1,2,0,0,0,0,52,52,56,2396,0.0012520868113522500,0.00041736227045075100,0.002086811352253760,0.0,0.006260434056761270,0.0,0.0,0.0,0.004173622704507510,0.0,0.005008347245409020,0.002086811352253760,0.00041736227045075100,0.00041736227045075100,0.00041736227045075100,0.0008347245409015030,0.0,0.0,0.0,0.0
2016-01-01,2016,1,7,0,2,0,23,1,4,1,11,0,10,4,0,0,2,0,1,0,0,0,56,56,66,2480,0.00282258064516129,0.0,0.0008064516129032260,0.0,0.009274193548387100,0.0004032258064516130,0.0016129032258064500,0.0004032258064516130,0.004435483870967740,0.0,0.004032258064516130,0.0016129032258064500,0.0,0.0,0.0008064516129032260,0.0,0.0004032258064516130,0.0,0.0,0.0
2016-02-01,2016,2,5,0,3,0,20,0,7,0,7,0,8,4,1,1,1,1,0,0,0,0,56,56,58,2379,0.002101723413198820,0.0,0.0012610340479192900,0.0,0.008406893652795290,0.0,0.0029424127784783500,0.0,0.0029424127784783500,0.0,0.003362757461118120,0.0016813787305590600,0.0004203446826397650,0.0004203446826397650,0.0004203446826397650,0.0004203446826397650,0.0,0.0,0.0,0.0
2016-03-01,2016,3,9,2,3,0,18,0,8,1,12,0,11,2,0,0,1,0,4,0,0,0,63,63,71,2682,0.003355704697986580,0.0007457121551081280,0.0011185682326621900,0.0,0.006711409395973150,0.0,0.002982848620432510,0.0003728560775540640,0.0044742729306487700,0.0,0.004101416853094710,0.0007457121551081280,0.0,0.0,0.0003728560775540640,0.0,0.0014914243102162600,0.0,0.0,0.0
2016-04-01,2016,4,1,2,6,1,18,0,4,1,12,1,11,1,0,0,0,1,2,0,0,0,55,55,61,2489,0.0004017677782241860,0.0008035355564483730,0.0024106066693451200,0.0004017677782241860,0.007231820008035360,0.0,0.0016070711128967500,0.0004017677782241860,0.004821213338690240,0.0004017677782241860,0.0044194455604660500,0.0004017677782241860,0.0,0.0,0.0,0.0004017677782241860,0.0008035355564483730,0.0,0.0,0.0
2016-05-01,2016,5,4,2,7,2,14,0,3,0,13,0,19,2,0,0,2,1,0,0,0,0,61,61,69,2453,0.0016306563391765200,0.0008153281695882590,0.0028536485935589100,0.0008153281695882590,0.005707297187117820,0.0,0.0012229922543823900,0.0,0.005299633102323690,0.0,0.0077456176110884600,0.0008153281695882590,0.0,0.0,0.0008153281695882590,0.00040766408479413000,0.0,0.0,0.0,0.0
2016-06-01,2016,6,3,0,4,0,13,0,4,0,7,0,8,5,0,0,0,1,1,0,1,0,45,45,47,2346,0.0012787723785166200,0.0,0.0017050298380221700,0.0,0.005541346973572040,0.0,0.0017050298380221700,0.0,0.0029838022165387900,0.0,0.0034100596760443300,0.002131287297527710,0.0,0.0,0.0,0.00042625745950554100,0.00042625745950554100,0.0,0.00042625745950554100,0.0
2016-07-01,2016,7,3,3,7,1,25,0,15,0,13,1,18,3,1,4,3,2,3,0,1,0,94,94,103,2202,0.0013623978201634900,0.0013623978201634900,0.003178928247048140,0.00045413260672116300,0.011353315168029100,0.0,0.006811989100817440,0.0,0.005903723887375110,0.00045413260672116300,0.008174386920980930,0.0013623978201634900,0.00045413260672116300,0.0018165304268846500,0.0013623978201634900,0.0009082652134423250,0.0013623978201634900,0.0,0.00045413260672116300,0.0
2016-08-01,2016,8,11,3,3,0,22,0,14,1,16,0,22,11,0,0,0,3,1,0,0,1,95,95,108,2239,0.004912907548012510,0.0013398838767306800,0.0013398838767306800,0.0,0.00982581509602501,0.0,0.006252791424743190,0.00044662795891022800,0.007146047342563640,0.0,0.00982581509602501,0.004912907548012510,0.0,0.0,0.0,0.0013398838767306800,0.00044662795891022800,0.0,0.0,0.00044662795891022800
2016-09-01,2016,9,4,4,7,0,20,0,4,1,14,0,21,0,0,0,0,0,1,0,0,0,66,66,76,2383,0.001678556441460340,0.001678556441460340,0.0029374737725556000,0.0,0.00839278220730172,0.0,0.001678556441460340,0.000419639110365086,0.005874947545111210,0.0,0.008812421317666810,0.0,0.0,0.0,0.0,0.0,0.000419639110365086,0.0,0.0,0.0
2016-10-01,2016,10,3,5,13,0,50,0,8,1,15,0,32,5,0,1,4,4,4,0,1,0,131,131,146,2681,0.0011189854531891100,0.001864975755315180,0.00484893696381947,0.0,0.01864975755315180,0.0,0.0029839612085042900,0.0003729951510630360,0.005594927265945540,0.0,0.011935844834017200,0.001864975755315180,0.0,0.0003729951510630360,0.0014919806042521400,0.0014919806042521400,0.0014919806042521400,0.0,0.0003729951510630360,0.0
2016-11-01,2016,11,8,14,21,1,161,0,14,3,27,1,187,16,1,2,3,7,13,0,1,0,426,426,480,2668,0.0029985007496251900,0.005247376311844080,0.007871064467766120,0.0003748125937031480,0.0603448275862069,0.0,0.005247376311844080,0.0011244377811094500,0.010119940029985000,0.0003748125937031480,0.07008995502248880,0.005997001499250380,0.0003748125937031480,0.0007496251874062970,0.0011244377811094500,0.002623688155922040,0.004872563718140930,0.0,0.0003748125937031480,0.0
2016-12-01,2016,12,6,1,8,0,40,0,10,1,15,0,18,5,0,2,0,1,3,0,0,0,95,95,110,2822,0.002126151665485470,0.00035435861091424500,0.002834868887313960,0.0,0.014174344436569800,0.0,0.003543586109142450,0.00035435861091424500,0.005315379163713680,0.0,0.0063784549964564100,0.001771793054571230,0.0,0.0007087172218284910,0.0,0.00035435861091424500,0.0010630758327427400,0.0,0.0,0.0
2017-01-01,2017,1,10,2,10,0,38,0,11,0,16,1,10,7,0,2,2,3,2,0,1,0,100,100,115,3103,0.003222687721559780,0.0006445375443119560,0.003222687721559780,0.0,0.012246213341927200,0.0,0.003544956493715760,0.0,0.00515630035449565,0.0003222687721559780,0.003222687721559780,0.0022558814050918500,0.0,0.0006445375443119560,0.0006445375443119560,0.0009668063164679340,0.0006445375443119560,0.0,0.0003222687721559780,0.0
2017-02-01,2017,2,18,5,10,3,22,0,19,0,25,1,17,4,1,2,3,1,3,0,1,0,120,120,135,2876,0.006258692628650900,0.0017385257301808100,0.0034770514603616100,0.001043115438108480,0.0076495132127955500,0.0,0.006606397774687070,0.0,0.008692628650904030,0.0003477051460361610,0.005910987482614740,0.0013908205841446500,0.0003477051460361610,0.0006954102920723230,0.001043115438108480,0.0003477051460361610,0.001043115438108480,0.0,0.0003477051460361610,0.0
2017-03-01,2017,3,12,2,7,0,27,0,9,0,16,1,27,6,1,2,3,1,3,0,0,0,107,107,117,3134,0.0038289725590299900,0.0006381620931716660,0.0022335673261008300,0.0,0.008615188257817490,0.0,0.002871729419272500,0.0,0.005105296745373330,0.0003190810465858330,0.008615188257817490,0.0019144862795150000,0.0003190810465858330,0.0006381620931716660,0.0009572431397574980,0.0003190810465858330,0.0009572431397574980,0.0,0.0,0.0
2017-04-01,2017,4,7,8,7,0,32,0,6,0,15,0,19,7,1,0,2,2,3,0,0,0,91,91,109,2934,0.0023858214042263100,0.0027266530334015000,0.0023858214042263100,0.0,0.010906612133606000,0.0,0.002044989775051130,0.0,0.005112474437627810,0.0,0.006475800954328560,0.0023858214042263100,0.00034083162917518700,0.0,0.0006816632583503750,0.0006816632583503750,0.0010224948875255600,0.0,0.0,0.0
2017-05-01,2017,5,4,0,9,0,43,0,7,0,7,1,13,4,0,1,1,2,0,0,0,0,82,82,92,2989,0.0013382402141184300,0.0,0.003011040481766480,0.0,0.014386082301773200,0.0,0.00234192037470726,0.0,0.00234192037470726,0.00033456005352960900,0.004349280695884910,0.0013382402141184300,0.0,0.00033456005352960900,0.00033456005352960900,0.0006691201070592170,0.0,0.0,0.0,0.0
2017-06-01,2017,6,4,2,13,0,25,0,6,1,6,1,11,7,0,0,0,3,2,1,0,1,72,72,83,3067,0.0013042060645582000,0.0006521030322791000,0.004238669709814150,0.0,0.008151287903488750,0.0,0.0019563090968373,0.00032605151613955000,0.0019563090968373,0.00032605151613955000,0.0035865666775350500,0.0022823606129768500,0.0,0.0,0.0,0.00097815454841865,0.0006521030322791000,0.00032605151613955000,0.0,0.00032605151613955000
2017-07-01,2017,7,11,4,9,1,23,0,12,0,10,3,17,13,0,0,1,0,6,1,0,0,95,95,111,3055,0.003600654664484450,0.001309328968903440,0.0029459901800327300,0.0003273322422258590,0.0075286415711947600,0.0,0.003927986906710310,0.0,0.0032733224222585900,0.0009819967266775780,0.005564648117839610,0.00425531914893617,0.0,0.0,0.0003273322422258590,0.0,0.0019639934533551600,0.0003273322422258590,0.0,0.0
2017-08-01,2017,8,4,1,8,0,18,0,5,0,15,0,8,3,0,0,0,2,4,0,1,0,58,58,69,2701,0.001480932987782300,0.00037023324694557600,0.002961865975564610,0.0,0.006664198445020360,0.0,0.0018511662347278800,0.0,0.0055534987041836400,0.0,0.002961865975564610,0.0011106997408367300,0.0,0.0,0.0,0.0007404664938911520,0.001480932987782300,0.0,0.00037023324694557600,0.0
2017-09-01,2017,9,6,8,16,3,41,0,6,0,14,0,15,5,3,0,2,2,1,0,0,1,104,104,123,2680,0.002238805970149250,0.0029850746268656700,0.005970149253731340,0.001119402985074630,0.015298507462686600,0.0,0.002238805970149250,0.0,0.0052238805970149300,0.0,0.005597014925373130,0.0018656716417910400,0.001119402985074630,0.0,0.0007462686567164180,0.0007462686567164180,0.00037313432835820900,0.0,0.0,0.00037313432835820900
2017-10-01,2017,10,7,4,10,0,32,0,13,0,12,0,16,12,0,1,0,1,2,0,1,0,100,100,111,3095,0.002261712439418420,0.0012924071082391000,0.0032310177705977400,0.0,0.010339256865912800,0.0,0.00420032310177706,0.0,0.0038772213247172900,0.0,0.005169628432956380,0.0038772213247172900,0.0,0.00032310177705977400,0.0,0.00032310177705977400,0.0006462035541195480,0.0,0.00032310177705977400,0.0
2017-11-01,2017,11,8,1,12,0,23,0,3,0,21,0,16,10,0,0,1,1,2,1,0,0,90,90,99,2968,0.0026954177897574100,0.00033692722371967700,0.004043126684636120,0.0,0.00774932614555256,0.0,0.0010107816711590300,0.0,0.007075471698113210,0.0,0.005390835579514830,0.0033692722371967700,0.0,0.0,0.00033692722371967700,0.00033692722371967700,0.0006738544474393530,0.00033692722371967700,0.0,0.0
2017-12-01,2017,12,14,2,8,1,22,0,2,2,13,0,9,3,1,1,1,3,1,0,5,0,79,79,88,2732,0.005124450951683750,0.0007320644216691070,0.0029282576866764300,0.00036603221083455300,0.008052708638360180,0.0,0.0007320644216691070,0.0007320644216691070,0.004758418740849200,0.0,0.003294289897510980,0.0010980966325036600,0.00036603221083455300,0.00036603221083455300,0.00036603221083455300,0.0010980966325036600,0.00036603221083455300,0.0,0.0018301610541727700,0.0
2018-01-01,2018,1,10,3,9,0,22,0,9,0,11,0,8,5,1,0,1,3,0,0,0,1,77,77,83,2693,0.003713330857779430,0.0011139992573338300,0.0033419977720014900,0.0,0.008169327887114740,0.0,0.0033419977720014900,0.0,0.004084663943557370,0.0,0.0029706646862235400,0.001856665428889710,0.0003713330857779430,0.0,0.0003713330857779430,0.0011139992573338300,0.0,0.0,0.0,0.0003713330857779430
2018-02-01,2018,2,12,2,6,0,13,0,6,0,8,0,4,6,0,2,1,2,0,0,0,0,57,57,62,2382,0.005037783375314860,0.0008396305625524770,0.0025188916876574300,0.0,0.0054575986565911,0.0,0.0025188916876574300,0.0,0.0033585222502099100,0.0,0.0016792611251049500,0.0025188916876574300,0.0,0.0008396305625524770,0.00041981528127623800,0.0008396305625524770,0.0,0.0,0.0,0.0
2018-03-01,2018,3,11,2,9,0,17,0,5,0,10,0,11,4,0,1,1,0,3,0,2,0,65,65,76,2360,0.004661016949152540,0.000847457627118644,0.0038135593220339000,0.0,0.007203389830508480,0.0,0.00211864406779661,0.0,0.00423728813559322,0.0,0.004661016949152540,0.001694915254237290,0.0,0.000423728813559322,0.000423728813559322,0.0,0.001271186440677970,0.0,0.000847457627118644,0.0
2018-04-01,2018,4,5,1,3,1,23,0,8,0,6,0,11,7,0,0,1,1,0,0,1,1,63,63,69,2367,0.0021123785382340500,0.0004224757076468100,0.0012674271229404300,0.0004224757076468100,0.009716941275876640,0.0,0.0033798056611744800,0.0,0.0025348542458808600,0.0,0.004647232784114910,0.002957329953527670,0.0,0.0,0.0004224757076468100,0.0004224757076468100,0.0,0.0,0.0004224757076468100,0.0004224757076468100
2018-05-01,2018,5,2,0,3,0,18,0,6,0,9,0,5,2,0,0,0,0,0,0,0,0,40,40,45,2622,0.0007627765064836000,0.0,0.0011441647597254000,0.0,0.006864988558352400,0.0,0.002288329519450800,0.0,0.003432494279176200,0.0,0.0019069412662090000,0.0007627765064836000,0.0,0.0,0.0,0.0,0.0,0.0,0.0,0.0
2018-06-01,2018,6,2,2,7,0,16,0,6,1,8,1,8,3,2,0,3,2,0,0,0,0,55,55,61,2650,0.0007547169811320750,0.0007547169811320750,0.0026415094339622600,0.0,0.0060377358490566000,0.0,0.0022641509433962300,0.0003773584905660380,0.0030188679245283000,0.0003773584905660380,0.0030188679245283000,0.0011320754716981100,0.0007547169811320750,0.0,0.0011320754716981100,0.0007547169811320750,0.0,0.0,0.0,0.0
2018-07-01,2018,7,8,1,8,0,20,0,5,0,20,1,10,2,0,0,1,0,3,1,0,0,71,71,80,2731,0.0029293299157817600,0.0003661662394727210,0.0029293299157817600,0.0,0.007323324789454410,0.0,0.001830831197363600,0.0,0.007323324789454410,0.0003661662394727210,0.003661662394727210,0.0007323324789454410,0.0,0.0,0.0003661662394727210,0.0,0.0010984987184181600,0.0003661662394727210,0.0,0.0
2018-08-01,2018,8,5,2,3,0,10,0,5,0,9,1,6,4,0,0,1,2,2,0,0,0,47,47,50,2383,0.00209819555182543,0.000839278220730172,0.001258917331095260,0.0,0.00419639110365086,0.0,0.00209819555182543,0.0,0.0037767519932857700,0.000419639110365086,0.002517834662190520,0.001678556441460340,0.0,0.0,0.000419639110365086,0.000839278220730172,0.000839278220730172,0.0,0.0,0.0
2018-09-01,2018,9,8,2,7,1,21,0,14,0,11,0,12,0,0,3,1,0,3,0,1,0,73,73,84,2597,0.0030804774740084700,0.0007701193685021180,0.0026954177897574100,0.0003850596842510590,0.008086253369272240,0.0,0.005390835579514830,0.0,0.004235656526761650,0.0,0.004620716211012710,0.0,0.0,0.0011551790527531800,0.0003850596842510590,0.0,0.0011551790527531800,0.0,0.0003850596842510590,0.0
2018-10-01,2018,10,17,2,5,0,20,0,3,0,10,0,6,5,0,0,0,1,2,0,0,0,64,64,71,2822,0.006024096385542170,0.0007087172218284910,0.001771793054571230,0.0,0.007087172218284900,0.0,0.0010630758327427400,0.0,0.003543586109142450,0.0,0.002126151665485470,0.001771793054571230,0.0,0.0,0.0,0.00035435861091424500,0.0007087172218284910,0.0,0.0,0.0
2018-11-01,2018,11,6,1,6,0,21,0,4,0,8,2,9,5,0,0,0,1,1,0,1,0,61,61,65,2546,0.002356637863315000,0.00039277297721916700,0.002356637863315000,0.0,0.008248232521602510,0.0,0.0015710919088766700,0.0,0.003142183817753340,0.0007855459544383350,0.003534956794972510,0.0019638648860958400,0.0,0.0,0.0,0.00039277297721916700,0.00039277297721916700,0.0,0.00039277297721916700,0.0
2018-12-01,2018,12,1,2,1,0,15,0,6,0,11,1,13,4,0,0,0,2,0,0,0,0,48,48,56,2918,0.0003427004797806720,0.0006854009595613430,0.0003427004797806720,0.0,0.005140507196710080,0.0,0.00205620287868403,0.0,0.0037697052775873900,0.0003427004797806720,0.004455106237148730,0.0013708019191226900,0.0,0.0,0.0,0.0006854009595613430,0.0,0.0,0.0,0.0
2019-01-01,2019,1,7,1,7,0,20,0,6,0,16,0,14,3,0,0,2,2,1,0,0,0,72,72,79,2960,0.002364864864864870,0.00033783783783783800,0.002364864864864870,0.0,0.006756756756756760,0.0,0.002027027027027030,0.0,0.005405405405405410,0.0,0.00472972972972973,0.0010135135135135100,0.0,0.0,0.0006756756756756760,0.0006756756756756760,0.00033783783783783800,0.0,0.0,0.0
2019-02-01,2019,2,7,0,10,0,20,0,6,0,4,0,8,5,0,0,1,2,1,0,0,0,58,58,64,2702,0.0025906735751295300,0.0,0.003700962250185050,0.0,0.007401924500370100,0.0,0.0022205773501110300,0.0,0.0014803849000740200,0.0,0.0029607698001480400,0.001850481125092520,0.0,0.0,0.0003700962250185050,0.0007401924500370100,0.0003700962250185050,0.0,0.0,0.0
2019-03-01,2019,3,14,3,5,0,19,0,7,0,8,0,10,3,0,2,0,0,2,0,2,1,69,69,76,2919,0.004796163069544360,0.0010277492291880800,0.0017129153819801300,0.0,0.006509078451524500,0.0,0.002398081534772180,0.0,0.0027406646111682100,0.0,0.0034258307639602600,0.0010277492291880800,0.0,0.0006851661527920520,0.0,0.0,0.0006851661527920520,0.0,0.0006851661527920520,0.00034258307639602600
2019-04-01,2019,4,2,4,6,0,27,0,9,0,14,1,12,3,0,1,0,0,0,0,0,0,68,68,79,2669,0.0007493443237167480,0.0014986886474335000,0.0022480329711502400,0.0,0.010116148370176100,0.0,0.0033720494567253700,0.0,0.005245410266017240,0.0003746721618583740,0.004496065942300490,0.0011240164855751200,0.0,0.0003746721618583740,0.0,0.0,0.0,0.0,0.0,0.0
2019-05-01,2019,5,3,2,5,0,9,0,7,0,7,1,7,9,0,0,2,0,1,0,1,1,50,50,55,2817,0.0010649627263045800,0.0007099751508697200,0.001774937877174300,0.0,0.003194888178913740,0.0,0.0024849130280440200,0.0,0.0024849130280440200,0.0003549875754348600,0.0024849130280440200,0.003194888178913740,0.0,0.0,0.0007099751508697200,0.0,0.0003549875754348600,0.0,0.0003549875754348600,0.0003549875754348600
2019-06-01,2019,6,1,0,5,0,11,0,8,0,11,0,9,7,1,4,2,2,0,0,0,0,54,54,61,2500,0.0004,0.0,0.002,0.0,0.0044,0.0,0.0032,0.0,0.0044,0.0,0.0036,0.0028,0.0004,0.0016,0.0008,0.0008,0.0,0.0,0.0,0.0
2019-07-01,2019,7,10,1,11,0,12,0,10,1,10,1,11,9,0,0,0,1,2,0,0,0,66,66,79,2976,0.003360215053763440,0.0003360215053763440,0.003696236559139790,0.0,0.004032258064516130,0.0,0.003360215053763440,0.0003360215053763440,0.003360215053763440,0.0003360215053763440,0.003696236559139790,0.0030241935483871000,0.0,0.0,0.0,0.0003360215053763440,0.0006720430107526880,0.0,0.0,0.0
2019-08-01,2019,8,17,3,5,0,13,0,10,0,19,0,11,8,0,3,0,0,1,0,1,0,85,85,91,2417,0.00703351261894911,0.0012412081092263100,0.002068680182043860,0.0,0.005378568473314030,0.0,0.004137360364087710,0.0,0.007860984691766650,0.0,0.004551096400496480,0.0033098882912701700,0.0,0.0012412081092263100,0.0,0.0,0.0004137360364087710,0.0,0.0004137360364087710,0.0
2019-09-01,2019,9,7,0,3,0,20,0,16,0,24,0,11,3,2,1,1,5,6,0,3,0,93,93,102,2832,0.0024717514124293800,0.0,0.001059322033898310,0.0,0.007062146892655370,0.0,0.005649717514124290,0.0,0.00847457627118644,0.0,0.003884180790960450,0.001059322033898310,0.0007062146892655370,0.00035310734463276800,0.00035310734463276800,0.0017655367231638400,0.00211864406779661,0.0,0.001059322033898310,0.0
2019-10-01,2019,10,6,2,5,0,17,0,5,0,12,1,9,5,0,2,0,1,1,0,1,0,64,64,67,2895,0.002072538860103630,0.000690846286701209,0.0017271157167530200,0.0,0.0058721934369602800,0.0,0.0017271157167530200,0.0,0.004145077720207250,0.0003454231433506050,0.0031088082901554400,0.0017271157167530200,0.0,0.000690846286701209,0.0,0.0003454231433506050,0.0003454231433506050,0.0,0.0003454231433506050,0.0
2019-11-01,2019,11,10,3,4,1,18,0,1,0,13,1,12,7,0,1,2,1,1,0,0,0,66,66,75,2522,0.003965107057890560,0.0011895321173671700,0.0015860428231562300,0.0003965107057890560,0.007137192704203010,0.0,0.0003965107057890560,0.0,0.005154639175257730,0.0003965107057890560,0.004758128469468680,0.0027755749405233900,0.0,0.0003965107057890560,0.0007930214115781130,0.0003965107057890560,0.0003965107057890560,0.0,0.0,0.0
2019-12-01,2019,12,9,1,4,0,27,0,4,2,13,2,11,2,0,1,2,1,2,0,0,0,72,72,81,2798,0.0032165832737669800,0.00035739814152966400,0.0014295925661186600,0.0,0.00964974982130093,0.0,0.0014295925661186600,0.0007147962830593280,0.004646175839885630,0.0007147962830593280,0.003931379556826300,0.0007147962830593280,0.0,0.00035739814152966400,0.0007147962830593280,0.00035739814152966400,0.0007147962830593280,0.0,0.0,0.0
2020-01-01,2020,1,8,4,12,0,14,0,5,0,20,1,8,5,0,3,1,0,2,0,0,0,71,71,83,2782,0.002875629043853340,0.0014378145219266700,0.004313443565780010,0.0,0.0050323508267433500,0.0,0.0017972681524083400,0.0,0.007189072609633360,0.0003594536304816680,0.002875629043853340,0.0017972681524083400,0.0,0.0010783608914450000,0.0003594536304816680,0.0,0.0007189072609633360,0.0,0.0,0.0
2020-02-01,2020,2,7,1,4,0,14,0,4,1,14,0,8,8,0,0,2,1,0,0,0,0,59,59,64,2765,0.002531645569620250,0.0003616636528028930,0.0014466546112115700,0.0,0.005063291139240510,0.0,0.0014466546112115700,0.0003616636528028930,0.005063291139240510,0.0,0.0028933092224231500,0.0028933092224231500,0.0,0.0,0.0007233273056057870,0.0003616636528028930,0.0,0.0,0.0,0.0
2020-03-01,2020,3,8,0,5,1,13,0,2,0,12,1,7,3,0,1,2,1,1,0,1,0,52,52,58,4022,0.001989060169070110,0.0,0.0012431626056688200,0.0002486325211337640,0.0032322227747389400,0.0,0.0004972650422675290,0.0,0.0029835902536051700,0.0002486325211337640,0.00174042764793635,0.0007458975634012930,0.0,0.0002486325211337640,0.0004972650422675290,0.0002486325211337640,0.0002486325211337640,0.0,0.0002486325211337640,0.0
2020-04-01,2020,4,4,1,3,0,12,0,3,0,11,1,5,1,0,0,2,0,0,0,0,0,36,36,43,3941,0.0010149708195889400,0.0002537427048972340,0.0007612281146917030,0.0,0.0030449124587668100,0.0,0.0007612281146917030,0.0,0.002791169753869580,0.0002537427048972340,0.001268713524486170,0.0002537427048972340,0.0,0.0,0.0005074854097944680,0.0,0.0,0.0,0.0,0.0
2020-05-01,2020,5,9,3,10,0,12,0,3,0,13,1,3,4,1,0,4,0,0,0,0,0,57,57,63,3284,0.0027405602923264300,0.0009135200974421440,0.0030450669914738100,0.0,0.0036540803897685700,0.0,0.0009135200974421440,0.0,0.003958587088915960,0.0003045066991473810,0.0009135200974421440,0.001218026796589530,0.0003045066991473810,0.0,0.001218026796589530,0.0,0.0,0.0,0.0,0.0
2020-06-01,2020,6,6,4,5,0,23,0,5,0,10,0,15,3,0,0,3,1,1,0,0,1,69,69,77,3341,0.0017958695001496600,0.001197246333433100,0.00149655791679138,0.0,0.006884166417240350,0.0,0.00149655791679138,0.0,0.00299311583358276,0.0,0.004489673750374140,0.0008979347500748280,0.0,0.0,0.0008979347500748280,0.000299311583358276,0.000299311583358276,0.0,0.0,0.000299311583358276
2020-07-01,2020,7,5,0,3,0,18,0,9,0,22,0,9,4,2,0,4,0,4,0,1,0,69,69,81,3347,0.0014938751120406300,0.0,0.00089632506722438,0.0,0.00537795040334628,0.0,0.00268897520167314,0.0,0.006573050492978790,0.0,0.00268897520167314,0.0011951000896325100,0.0005975500448162530,0.0,0.0011951000896325100,0.0,0.0011951000896325100,0.0,0.00029877502240812700,0.0
2020-08-01,2020,8,10,0,3,0,4,0,12,0,2,0,3,2,0,0,0,0,0,0,0,0,35,35,36,2641,0.003786444528587660,0.0,0.001135933358576300,0.0,0.0015145778114350600,0.0,0.004543733434305190,0.0,0.0007572889057175310,0.0,0.001135933358576300,0.0007572889057175310,0.0,0.0,0.0,0.0,0.0,0.0,0.0,0.0
2020-09-01,2020,9,7,1,4,0,5,0,5,0,10,0,5,5,0,1,1,0,0,0,0,0,42,42,44,2901,0.002412961047914510,0.0003447087211306450,0.0013788348845225800,0.0,0.001723543605653220,0.0,0.001723543605653220,0.0,0.003447087211306450,0.0,0.001723543605653220,0.001723543605653220,0.0,0.0003447087211306450,0.0003447087211306450,0.0,0.0,0.0,0.0,0.0
2020-10-01,2020,10,3,0,3,0,17,0,3,0,8,0,8,3,0,0,0,1,1,0,0,0,46,46,47,2726,0.0011005135730007300,0.0,0.0011005135730007300,0.0,0.0062362435803374900,0.0,0.0011005135730007300,0.0,0.00293470286133529,0.0,0.00293470286133529,0.0011005135730007300,0.0,0.0,0.0,0.00036683785766691100,0.00036683785766691100,0.0,0.0,0.0
2020-11-01,2020,11,15,2,2,0,17,0,6,0,16,0,14,6,0,1,2,1,3,0,0,1,76,76,86,2782,0.005391804457225020,0.0007189072609633360,0.0007189072609633360,0.0,0.006110711718188350,0.0,0.002156721782890010,0.0,0.005751258087706690,0.0,0.0050323508267433500,0.002156721782890010,0.0,0.0003594536304816680,0.0007189072609633360,0.0003594536304816680,0.0010783608914450000,0.0,0.0,0.0003594536304816680
2020-12-01,2020,12,3,4,4,0,19,0,6,0,11,1,11,4,0,0,0,0,2,0,0,0,55,55,65,3101,0.0009674298613350530,0.0012899064817800700,0.0012899064817800700,0.0,0.006127055788455340,0.0,0.0019348597226701100,0.0,0.003547242824895200,0.0003224766204450180,0.003547242824895200,0.0012899064817800700,0.0,0.0,0.0,0.0,0.0006449532408900350,0.0,0.0,0.0
2021-01-01,2021,1,22,0,7,0,17,0,7,1,16,0,4,3,1,2,5,1,1,0,0,0,78,78,87,3257,0.006754682222904510,0.0,0.0021492170709241600,0.0,0.0052195271722444000,0.0,0.0021492170709241600,0.00030703101013202300,0.004912496162112370,0.0,0.0012281240405280900,0.00092109303039607,0.00030703101013202300,0.0006140620202640470,0.0015351550506601200,0.00030703101013202300,0.00030703101013202300,0.0,0.0,0.0
2021-02-01,2021,2,16,8,13,0,17,0,15,0,14,2,10,0,2,0,3,4,2,0,0,0,92,92,106,2932,0.005457025920873120,0.002728512960436560,0.004433833560709410,0.0,0.005798090040927690,0.0,0.005115961800818550,0.0,0.0047748976807639800,0.0006821282401091410,0.0034106412005457000,0.0,0.0006821282401091410,0.0,0.0010231923601637100,0.001364256480218280,0.0006821282401091410,0.0,0.0,0.0
2021-03-01,2021,3,17,2,11,0,22,0,9,0,19,0,12,2,1,3,1,2,1,0,2,0,93,93,104,3285,0.005175038051750380,0.0006088280060882800,0.0033485540334855400,0.0,0.006697108066971080,0.0,0.0027397260273972600,0.0,0.00578386605783866,0.0,0.0036529680365296800,0.0006088280060882800,0.00030441400304414000,0.0009132420091324200,0.00030441400304414000,0.0006088280060882800,0.00030441400304414000,0.0,0.0006088280060882800,0.0
2021-04-01,2021,4,10,6,5,0,18,0,5,1,15,1,13,1,0,0,5,2,2,0,0,0,77,77,84,2993,0.003341129301703980,0.0020046775810223900,0.001670564650851990,0.0,0.006014032743067160,0.0,0.001670564650851990,0.0003341129301703980,0.005011693952555960,0.0003341129301703980,0.004343468092215170,0.0003341129301703980,0.0,0.0,0.001670564650851990,0.0006682258603407950,0.0006682258603407950,0.0,0.0,0.0
2021-05-01,2021,5,8,5,8,0,28,0,5,2,17,0,14,3,2,2,5,3,3,0,0,0,91,91,105,3560,0.0022471910112359600,0.0014044943820224700,0.0022471910112359600,0.0,0.007865168539325840,0.0,0.0014044943820224700,0.0005617977528089890,0.0047752808988764000,0.0,0.003932584269662920,0.0008426966292134830,0.0005617977528089890,0.0005617977528089890,0.0014044943820224700,0.0008426966292134830,0.0008426966292134830,0.0,0.0,0.0
2021-06-01,2021,6,3,1,7,0,21,0,4,1,18,0,14,4,0,1,0,0,3,0,0,0,72,72,77,3511,0.000854457419538593,0.0002848191398461980,0.0019937339789233800,0.0,0.005981201936770150,0.0,0.0011392765593847900,0.0002848191398461980,0.005126744517231560,0.0,0.003987467957846770,0.0011392765593847900,0.0,0.0002848191398461980,0.0,0.0,0.000854457419538593,0.0,0.0,0.0
2021-07-01,2021,7,16,3,3,0,26,0,9,0,13,1,10,10,0,0,0,3,3,0,0,0,85,85,97,3484,0.004592422502870260,0.0008610792192881750,0.0008610792192881750,0.0,0.007462686567164180,0.0,0.0025832376578645200,0.0,0.0037313432835820900,0.0002870264064293920,0.0028702640642939200,0.0028702640642939200,0.0,0.0,0.0,0.0008610792192881750,0.0008610792192881750,0.0,0.0,0.0
2021-08-01,2021,8,14,0,7,0,15,0,12,1,16,0,16,12,0,0,0,0,1,0,0,1,79,79,95,3398,0.004120070629782230,0.0,0.0020600353148911100,0.0,0.0044143613890523800,0.0,0.003531489111241910,0.0002942907592701590,0.004708652148322540,0.0,0.004708652148322540,0.003531489111241910,0.0,0.0,0.0,0.0,0.0002942907592701590,0.0,0.0,0.0002942907592701590
2021-09-01,2021,9,16,3,7,0,15,0,7,3,10,0,9,2,0,0,1,0,1,0,0,0,71,71,74,3817,0.004191773644223210,0.0007859575582918520,0.0018339009693476600,0.0,0.0039297877914592600,0.0,0.0018339009693476600,0.0007859575582918520,0.0026198585276395100,0.0,0.002357872674875560,0.0005239717055279020,0.0,0.0,0.00026198585276395100,0.0,0.00026198585276395100,0.0,0.0,0.0
2021-10-01,2021,10,7,5,4,0,39,0,3,2,13,0,7,1,0,1,2,0,6,0,0,0,83,83,90,3557,0.001967950520101210,0.0014056789429294300,0.001124543154343550,0.0,0.010964295754849600,0.0,0.0008434073657576610,0.000562271577171774,0.003654765251616530,0.0,0.001967950520101210,0.000281135788585887,0.0,0.000281135788585887,0.000562271577171774,0.0,0.0016868147315153200,0.0,0.0,0.0
2021-11-01,2021,11,10,7,12,0,46,0,7,0,15,1,18,10,0,0,0,3,5,0,0,0,111,111,134,3559,0.0028097780275358200,0.001966844619275080,0.0033717336330429900,0.0,0.012924978926664800,0.0,0.001966844619275080,0.0,0.004214667041303740,0.0002809778027535830,0.005057600449564480,0.0028097780275358200,0.0,0.0,0.0,0.0008429334082607470,0.0014048890137679100,0.0,0.0,0.0
2021-12-01,2021,12,10,1,5,0,22,0,5,0,15,0,8,2,1,0,0,2,3,0,0,0,67,67,74,3774,0.002649708532061470,0.00026497085320614700,0.0013248542660307400,0.0,0.005829358770535240,0.0,0.0013248542660307400,0.0,0.00397456279809221,0.0,0.0021197668256491800,0.0005299417064122950,0.00026497085320614700,0.0,0.0,0.0005299417064122950,0.000794912559618442,0.0,0.0,0.0
2022-01-01,2022,1,10,1,5,0,17,0,4,0,12,0,6,8,1,0,1,0,2,0,0,0,62,62,67,3108,0.0032175032175032200,0.00032175032175032200,0.0016087516087516100,0.0,0.0054697554697554700,0.0,0.001287001287001290,0.0,0.003861003861003860,0.0,0.0019305019305019300,0.002574002574002570,0.00032175032175032200,0.0,0.00032175032175032200,0.0,0.0006435006435006440,0.0,0.0,0.0
2022-02-01,2022,2,6,0,6,0,12,0,4,2,25,0,6,18,0,0,0,0,3,0,0,0,73,73,82,2989,0.0020073603211776500,0.0,0.0020073603211776500,0.0,0.004014720642355300,0.0,0.0013382402141184300,0.0006691201070592170,0.008364001338240220,0.0,0.0020073603211776500,0.006022080963532950,0.0,0.0,0.0,0.0,0.0010036801605888300,0.0,0.0,0.0
2022-03-01,2022,3,21,0,11,0,18,0,7,0,10,0,10,19,0,0,0,2,2,0,0,0,93,93,100,3228,0.006505576208178440,0.0,0.0034076827757125200,0.0,0.0055762081784386600,0.0,0.0021685254027261500,0.0,0.0030978934324659200,0.0,0.0030978934324659200,0.005885997521685250,0.0,0.0,0.0,0.0006195786864931850,0.0006195786864931850,0.0,0.0,0.0
2022-04-01,2022,4,8,0,4,0,13,0,12,0,12,1,7,6,0,0,1,1,3,0,0,0,65,65,68,2932,0.002728512960436560,0.0,0.001364256480218280,0.0,0.004433833560709410,0.0,0.004092769440654840,0.0,0.004092769440654840,0.00034106412005457000,0.0023874488403819900,0.0020463847203274200,0.0,0.0,0.00034106412005457000,0.00034106412005457000,0.0010231923601637100,0.0,0.0,0.0
2022-05-01,2022,5,4,5,7,0,20,0,4,0,11,0,9,4,0,1,3,1,2,0,0,0,62,62,71,2839,0.0014089468122578400,0.0017611835153223000,0.0024656569214512200,0.0,0.007044734061289190,0.0,0.0014089468122578400,0.0,0.0038746037337090500,0.0,0.0031701303275801300,0.0014089468122578400,0.0,0.0003522367030644590,0.0010567101091933800,0.0003522367030644590,0.0007044734061289190,0.0,0.0,0.0
2022-06-01,2022,6,12,3,7,0,19,0,8,0,11,1,8,4,0,1,1,1,2,0,0,0,71,71,78,3214,0.00373366521468575,0.0009334163036714380,0.0021779713752333500,0.0,0.005911636589919100,0.0,0.002489110143123830,0.0,0.003422526446795270,0.00031113876789047900,0.002489110143123830,0.0012445550715619200,0.0,0.00031113876789047900,0.00031113876789047900,0.00031113876789047900,0.0006222775357809580,0.0,0.0,0.0
2022-07-01,2022,7,79,2,9,1,13,0,21,1,16,3,10,17,0,1,1,2,2,0,0,0,157,157,178,2859,0.027632039174536600,0.0006995452955578870,0.0031479538300104900,0.0003497726477789440,0.004547044421126270,0.0,0.007345225603357820,0.0003497726477789440,0.005596362364463100,0.001049317943336830,0.003497726477789440,0.005946135012242040,0.0,0.0003497726477789440,0.0003497726477789440,0.0006995452955578870,0.0006995452955578870,0.0,0.0,0.0
2022-08-01,2022,8,18,1,10,1,13,2,11,0,12,1,12,14,2,0,0,1,2,0,0,0,90,90,100,2604,0.0069124423963133600,0.00038402457757296500,0.0038402457757296500,0.00038402457757296500,0.0049923195084485400,0.0007680491551459290,0.004224270353302610,0.0,0.004608294930875580,0.00038402457757296500,0.004608294930875580,0.005376344086021510,0.0007680491551459290,0.0,0.0,0.00038402457757296500,0.0007680491551459290,0.0,0.0,0.0
2022-09-01,2022,9,10,1,6,0,18,0,5,0,14,0,8,6,0,0,0,2,2,0,0,0,65,65,72,2953,0.0033863867253640400,0.0003386386725364040,0.002031832035218420,0.0,0.0060954961056552700,0.0,0.0016931933626820200,0.0,0.004740941415509650,0.0,0.0027091093802912300,0.002031832035218420,0.0,0.0,0.0,0.0006772773450728070,0.0006772773450728070,0.0,0.0,0.0
2022-10-01,2022,10,14,2,5,0,39,0,6,1,20,0,20,17,1,0,1,1,9,0,0,0,118,118,136,2901,0.004825922095829020,0.0006894174422612890,0.001723543605653220,0.0,0.01344364012409510,0.0,0.002068252326783870,0.0003447087211306450,0.006894174422612890,0.0,0.006894174422612890,0.005860048259220960,0.0003447087211306450,0.0,0.0003447087211306450,0.0003447087211306450,0.0031023784901758000,0.0,0.0,0.0
2022-11-01,2022,11,9,1,6,1,24,0,4,1,9,0,15,12,0,0,0,3,5,0,0,0,77,77,90,2701,0.0033320992225101800,0.00037023324694557600,0.0022213994816734500,0.00037023324694557600,0.008885597926693820,0.0,0.001480932987782300,0.00037023324694557600,0.0033320992225101800,0.0,0.0055534987041836400,0.004442798963346910,0.0,0.0,0.0,0.0011106997408367300,0.0018511662347278800,0.0,0.0,0.0
2022-12-01,2022,12,28,3,4,0,20,0,7,0,14,0,10,2,0,0,1,0,1,0,1,0,85,85,91,3348,0.008363201911589010,0.0008960573476702510,0.0011947431302270000,0.0,0.005973715651135010,0.0,0.002090800477897250,0.0,0.004181600955794500,0.0,0.002986857825567500,0.0005973715651135010,0.0,0.0,0.0002986857825567500,0.0,0.0002986857825567500,0.0,0.0002986857825567500,0.0
2023-01-01,2023,1,3,1,0,0,14,0,7,1,5,1,3,7,0,1,1,1,0,0,0,1,38,38,46,2746,0.0010924981791697000,0.0003641660597232340,0.0,0.0,0.005098324836125270,0.0,0.0025491624180626400,0.0003641660597232340,0.001820830298616170,0.0003641660597232340,0.0010924981791697000,0.0025491624180626400,0.0,0.0003641660597232340,0.0003641660597232340,0.0003641660597232340,0.0,0.0,0.0,0.0003641660597232340
2023-02-01,2023,2,37,0,2,0,18,0,3,0,11,0,6,7,0,1,0,0,1,0,1,1,81,81,88,2582,0.014329976762199800,0.0,0.000774593338497289,0.0,0.006971340046475600,0.0,0.0011618900077459300,0.0,0.004260263361735090,0.0,0.0023237800154918700,0.002711076684740510,0.0,0.0003872966692486450,0.0,0.0,0.0003872966692486450,0.0,0.0003872966692486450,0.0003872966692486450
2023-03-01,2023,3,2,5,7,1,18,0,1,1,11,1,8,9,0,0,0,0,6,0,0,0,60,60,70,2903,0.0006889424733034790,0.001722356183258700,0.002411298656562180,0.0003444712366517400,0.006200482259731310,0.0,0.0003444712366517400,0.0003444712366517400,0.0037891836031691400,0.0003444712366517400,0.002755769893213920,0.003100241129865660,0.0,0.0,0.0,0.0,0.0020668274199104400,0.0,0.0,0.0
2023-04-01,2023,4,7,0,2,1,13,0,5,1,7,0,10,9,0,1,1,0,5,0,0,0,57,57,62,2629,0.0026626093571700300,0.0,0.0007607455306200080,0.0003803727653100040,0.00494484594903005,0.0,0.001901863826550020,0.0003803727653100040,0.0026626093571700300,0.0,0.003803727653100040,0.003423354887790030,0.0,0.0003803727653100040,0.0003803727653100040,0.0,0.001901863826550020,0.0,0.0,0.0
2023-05-01,2023,5,11,3,8,0,29,0,9,0,19,1,24,16,0,0,1,3,2,0,0,0,104,104,126,3049,0.0036077402427025300,0.0009839291571006890,0.0026238110856018400,0.0,0.009511315185306660,0.0,0.0029517874713020700,0.0,0.006231551328304360,0.00032797638570023000,0.00787143325680551,0.005247622171203670,0.0,0.0,0.00032797638570023000,0.0009839291571006890,0.0006559527714004590,0.0,0.0,0.0
2023-06-01,2023,6,9,4,5,0,27,0,6,0,18,0,13,4,0,0,0,5,12,0,0,0,88,88,103,2853,0.0031545741324921100,0.0014020329477742700,0.0017525411847178400,0.0,0.00946372239747634,0.0,0.002103049421661410,0.0,0.006309148264984230,0.0,0.004556607080266390,0.0014020329477742700,0.0,0.0,0.0,0.0017525411847178400,0.004206098843322820,0.0,0.0,0.0
2023-07-01,2023,7,18,2,11,0,27,0,9,0,17,2,15,13,0,0,3,4,2,0,0,0,107,107,123,2884,0.0062413314840499300,0.0006934812760055480,0.0038141470180305100,0.0,0.009361997226074900,0.0,0.0031206657420249700,0.0,0.005894590846047160,0.0006934812760055480,0.005201109570041610,0.004507628294036060,0.0,0.0,0.0010402219140083200,0.0013869625520111000,0.0006934812760055480,0.0,0.0,0.0
2023-08-01,2023,8,18,0,5,0,17,0,12,0,13,1,6,12,0,1,0,1,0,0,0,0,74,74,86,2587,0.006957866254348670,0.0,0.001932740626207960,0.0,0.006571318129107070,0.0,0.004638577502899110,0.0,0.005025125628140700,0.00038654812524159300,0.0023192887514495600,0.004638577502899110,0.0,0.00038654812524159300,0.0,0.00038654812524159300,0.0,0.0,0.0,0.0
2023-09-01,2023,9,796,1,1,0,26,0,12,7,196,0,37,4,3,0,2,2,3,0,0,0,1052,1052,1090,3489,0.22814560045858400,0.00028661507595299500,0.00028661507595299500,0.0,0.007451991974777870,0.0,0.0034393809114359400,0.002006305531670970,0.05617655488678700,0.0,0.01060475781026080,0.0011464603038119800,0.0008598452278589850,0.0,0.0005732301519059900,0.0005732301519059900,0.0008598452278589850,0.0,0.0,0.0
2023-10-01,2023,10,94,2,5,1,31,0,7,1,51,0,16,9,0,2,2,0,3,0,0,0,202,202,224,3108,0.030244530244530200,0.0006435006435006440,0.0016087516087516100,0.00032175032175032200,0.009974259974259970,0.0,0.0022522522522522500,0.00032175032175032200,0.016409266409266400,0.0,0.005148005148005150,0.0028957528957529000,0.0,0.0006435006435006440,0.0006435006435006440,0.0,0.0009652509652509650,0.0,0.0,0.0
2023-11-01,2023,11,40,4,3,0,18,0,6,0,27,0,28,5,0,0,3,0,6,0,0,0,128,128,140,2829,0.014139271827500900,0.0014139271827500900,0.0010604453870625700,0.0,0.006362672322375400,0.0,0.0021208907741251300,0.0,0.009544008483563100,0.0,0.00989749027925062,0.0017674089784376100,0.0,0.0,0.0010604453870625700,0.0,0.0021208907741251300,0.0,0.0,0.0
2023-12-01,2023,12,19,7,8,0,25,0,4,0,18,0,20,16,1,2,1,1,8,0,0,0,120,120,130,2809,0.006763972944108220,0.002491990032039870,0.002847988608045570,0.0,0.0088999644001424,0.0,0.001423994304022780,0.0,0.006407974368102530,0.0,0.00711997152011392,0.005695977216091140,0.000355998576005696,0.000711997152011392,0.000355998576005696,0.000355998576005696,0.002847988608045570,0.0,0.0,0.0
2024-01-01,2024,1,17,2,19,0,25,0,15,0,21,1,20,18,0,2,0,0,3,0,0,0,118,118,143,2706,0.006282335550628230,0.0007390983000739100,0.007021433850702140,0.0,0.009238728750923870,0.0,0.005543237250554320,0.0,0.007760532150776050,0.0003695491500369550,0.007390983000739100,0.0066518847006651900,0.0,0.0007390983000739100,0.0,0.0,0.0011086474501108600,0.0,0.0,0.0
2024-02-01,2024,2,12,0,8,1,30,0,13,0,16,3,18,13,1,0,1,1,8,0,0,0,111,111,125,2761,0.004346251358203550,0.0,0.002897500905469030,0.0003621876131836290,0.010865628395508900,0.0,0.004708438971387180,0.0,0.005795001810938070,0.0010865628395508900,0.0065193770373053200,0.004708438971387180,0.0003621876131836290,0.0,0.0003621876131836290,0.0003621876131836290,0.002897500905469030,0.0,0.0,0.0
2024-03-01,2024,3,28,5,9,0,33,0,5,0,17,0,10,18,1,0,0,2,0,0,0,0,117,117,128,2854,0.009810791871058160,0.001751927119831820,0.003153468815697270,0.0,0.011562718990890000,0.0,0.001751927119831820,0.0,0.005956552207428170,0.0,0.00350385423966363,0.006306937631394530,0.000350385423966363,0.0,0.0,0.000700770847932726,0.0,0.0,0.0,0.0
2024-04-01,2024,4,16,4,4,0,20,0,5,0,12,0,18,16,1,5,0,0,5,0,0,0,97,97,106,2451,0.006527947776417790,0.0016319869441044500,0.0016319869441044500,0.0,0.008159934720522240,0.0,0.002039983680130560,0.0,0.004895960832313340,0.0,0.0073439412484700100,0.006527947776417790,0.0004079967360261120,0.002039983680130560,0.0,0.0,0.002039983680130560,0.0,0.0,0.0
2024-05-01,2024,5,11,2,10,0,38,0,5,1,18,0,23,9,1,1,1,2,5,0,0,0,109,109,127,2811,0.003913198150124510,0.000711490572749911,0.0035574528637495600,0.0,0.01351832088224830,0.0,0.0017787264318747800,0.0003557452863749560,0.0064034151547492000,0.0,0.008182141586623980,0.0032017075773746000,0.0003557452863749560,0.0003557452863749560,0.0003557452863749560,0.000711490572749911,0.0017787264318747800,0.0,0.0,0.0
2024-06-01,2024,6,11,4,3,0,21,0,8,0,18,0,7,9,0,1,0,2,2,0,0,0,74,74,86,2391,0.004600585529067340,0.001672940192388120,0.0012547051442910900,0.0,0.00878293601003764,0.0,0.003345880384776240,0.0,0.0075282308657465500,0.0,0.0029276453366792100,0.0037641154328732700,0.0,0.0004182350480970310,0.0,0.000836470096194061,0.000836470096194061,0.0,0.0,0.0
2024-07-01,2024,7,12,3,3,0,30,0,6,0,21,2,16,12,1,2,0,0,3,0,0,0,93,93,111,2769,0.004333694474539550,0.0010834236186348900,0.0010834236186348900,0.0,0.010834236186348900,0.0,0.0021668472372697700,0.0,0.007583965330444200,0.0007222824124232580,0.00577825929938606,0.004333694474539550,0.00036114120621162900,0.0007222824124232580,0.0,0.0,0.0010834236186348900,0.0,0.0,0.0
2024-08-01,2024,8,10,1,1,0,15,0,8,1,13,1,12,12,0,1,1,0,0,0,0,0,69,69,76,2312,0.004325259515570940,0.00043252595155709300,0.00043252595155709300,0.0,0.006487889273356400,0.0,0.0034602076124567500,0.00043252595155709300,0.005622837370242220,0.00043252595155709300,0.005190311418685120,0.005190311418685120,0.0,0.00043252595155709300,0.00043252595155709300,0.0,0.0,0.0,0.0,0.0
2024-09-01,2024,9,58,4,5,0,20,0,9,1,33,0,14,11,0,1,1,0,4,0,0,0,147,147,161,2510,0.023107569721115500,0.0015936254980079700,0.00199203187250996,0.0,0.00796812749003984,0.0,0.0035856573705179300,0.00039840637450199200,0.013147410358565700,0.0,0.005577689243027890,0.004382470119521910,0.0,0.00039840637450199200,0.00039840637450199200,0.0,0.0015936254980079700,0.0,0.0,0.0
2024-10-01,2024,10,22,1,6,0,29,0,5,0,22,3,9,11,0,2,0,1,3,0,0,0,101,101,114,2937,0.00749063670411985,0.00034048348655090200,0.0020429009193054100,0.0,0.009874021109976170,0.0,0.0017024174327545100,0.0,0.00749063670411985,0.0010214504596527100,0.0030643513789581200,0.003745318352059930,0.0,0.0006809669731018050,0.0,0.00034048348655090200,0.0010214504596527100,0.0,0.0,0.0
2024-11-01,2024,11,10,5,8,0,20,0,7,0,13,1,13,9,1,3,1,1,7,0,0,0,87,87,99,2638,0.0037907505686125900,0.0018953752843062900,0.003032600454890070,0.0,0.0075815011372251700,0.0,0.00265352539802881,0.0,0.004927975739196360,0.0003790750568612590,0.004927975739196360,0.003411675511751330,0.0003790750568612590,0.0011372251705837800,0.0003790750568612590,0.0003790750568612590,0.00265352539802881,0.0,0.0,0.0
2024-12-01,2024,12,16,4,9,0,27,0,7,0,20,2,16,7,0,1,1,1,4,0,0,0,101,101,115,2855,0.005604203152364270,0.0014010507880910700,0.0031523642732049000,0.0,0.009457092819614710,0.0,0.0024518388791593700,0.0,0.0070052539404553400,0.0007005253940455340,0.005604203152364270,0.0024518388791593700,0.0,0.0003502626970227670,0.0003502626970227670,0.0003502626970227670,0.0014010507880910700,0.0,0.0,0.0
2025-01-01,2025,1,13,0,3,0,13,1,12,0,7,3,12,13,0,2,2,0,0,0,0,0,74,74,81,2409,0.005396430053964300,0.0,0.0012453300124533000,0.0,0.005396430053964300,0.00041511000415110000,0.0049813200498132000,0.0,0.0029057700290577000,0.0012453300124533000,0.0049813200498132000,0.005396430053964300,0.0,0.0008302200083022000,0.0008302200083022000,0.0,0.0,0.0,0.0,0.0
2025-02-01,2025,2,16,0,4,0,18,0,7,0,11,1,11,9,2,4,1,0,2,0,1,0,78,78,87,2187,0.007315957933241880,0.0,0.001828989483310470,0.0,0.00823045267489712,0.0,0.003200731595793320,0.0,0.005029721079103800,0.0004572473708276180,0.005029721079103800,0.00411522633744856,0.0009144947416552360,0.001828989483310470,0.0004572473708276180,0.0,0.0009144947416552360,0.0,0.0004572473708276180,0.0
2025-03-01,2025,3,22,0,5,0,16,0,8,0,18,1,9,12,1,0,2,1,1,0,0,0,86,86,96,2373,0.009270965023177410,0.0,0.002107037505267590,0.0,0.0067425200168563,0.0,0.00337126000842815,0.0,0.007585335018963340,0.00042140750105351900,0.0037926675094816700,0.0050568900126422300,0.00042140750105351900,0.0,0.0008428150021070380,0.00042140750105351900,0.00042140750105351900,0.0,0.0,0.0
2025-04-01,2025,4,13,0,4,0,22,0,2,0,15,0,9,6,1,1,0,1,4,0,0,0,73,73,78,2257,0.0057598582188746100,0.0,0.0017722640673460300,0.0,0.00974745237040319,0.0,0.0008861320336730170,0.0,0.00664599025254763,0.0,0.003987594151528580,0.002658396101019050,0.00044306601683650900,0.00044306601683650900,0.0,0.00044306601683650900,0.0017722640673460300,0.0,0.0,0.0
2025-05-01,2025,5,13,3,8,0,35,0,6,1,12,0,15,3,0,1,0,1,5,0,0,1,90,90,104,2433,0.005343197698314840,0.0012330456226880400,0.0032881216605014400,0.0,0.014385532264693800,0.0,0.002466091245376080,0.0004110152075626800,0.004932182490752160,0.0,0.006165228113440200,0.0012330456226880400,0.0,0.0004110152075626800,0.0,0.0004110152075626800,0.002055076037813400,0.0,0.0,0.0004110152075626800
2025-06-01,2025,6,20,0,3,0,18,0,5,0,11,0,7,11,0,1,1,0,1,0,0,0,74,74,78,1993,0.010035122930255900,0.0,0.0015052684395383800,0.0,0.009031610637230310,0.0,0.002508780732563970,0.0,0.0055193176116407400,0.0,0.0035122930255895600,0.0055193176116407400,0.0,0.0005017561465127950,0.0005017561465127950,0.0,0.0005017561465127950,0.0,0.0,0.0
2025-07-01,2025,7,15,3,2,0,5,0,7,0,5,1,10,11,0,2,0,0,0,0,1,0,54,54,62,2130,0.007042253521126760,0.0014084507042253500,0.0009389671361502350,0.0,0.002347417840375590,0.0,0.0032863849765258200,0.0,0.002347417840375590,0.00046948356807511700,0.004694835680751170,0.005164319248826290,0.0,0.0009389671361502350,0.0,0.0,0.0,0.0,0.00046948356807511700,0.0
2025-08-01,2025,8,16,0,3,0,10,0,5,1,11,0,6,13,0,0,1,0,1,0,0,0,58,58,67,1666,0.009603841536614650,0.0,0.001800720288115250,0.0,0.006002400960384150,0.0,0.003001200480192080,0.0006002400960384150,0.006602641056422570,0.0,0.003601440576230490,0.0078031212484994000,0.0,0.0,0.0006002400960384150,0.0,0.0006002400960384150,0.0,0.0,0.0
2025-09-01,2025,9,19,0,4,1,9,0,8,0,11,0,2,2,0,1,2,0,1,0,0,0,52,52,60,1882,0.010095642933049900,0.0,0.0021253985122210400,0.0005313496280552600,0.004782146652497340,0.0,0.004250797024442080,0.0,0.005844845908607860,0.0,0.0010626992561105200,0.0010626992561105200,0.0,0.0005313496280552600,0.0010626992561105200,0.0,0.0005313496280552600,0.0,0.0,0.0
2025-10-01,2025,10,6,3,7,0,4,0,5,0,7,1,4,7,0,2,1,0,0,0,0,0,44,44,47,2099,0.0028585040495474000,0.0014292520247737000,0.0033349213911386400,0.0,0.0019056693663649400,0.0,0.0023820867079561700,0.0,0.0033349213911386400,0.0004764173415912340,0.0019056693663649400,0.0033349213911386400,0.0,0.0009528346831824680,0.0004764173415912340,0.0,0.0,0.0,0.0,0.0
2025-11-01,2025,11,5,0,2,0,8,0,3,0,7,0,1,5,0,0,1,0,1,0,0,0,32,32,33,1555,0.003215434083601290,0.0,0.0012861736334405100,0.0,0.005144694533762060,0.0,0.0019292604501607700,0.0,0.0045016077170418,0.0,0.0006430868167202570,0.003215434083601290,0.0,0.0,0.0006430868167202570,0.0,0.0006430868167202570,0.0,0.0,0.0
2025-12-01,2025,12,4,0,0,0,2,0,0,0,1,0,0,0,0,1,0,0,0,0,0,0,8,8,8,651,0.006144393241167440,0.0,0.0,0.0,0.0030721966205837200,0.0,0.0,0.0,0.0015360983102918600,0.0,0.0,0.0,0.0,0.0015360983102918600,0.0,0.0,0.0,0.0,0.0,0.0
2026-01-01,2026,1,0,0,0,0,0,0,0,0,0,0,0,0,0,0,0,0,0,0,0,0,0,0,0,0,,,,,,,,,,,,,,,,,,,,
2026-02-01,2026,2,0,0,0,0,0,0,0,0,0,0,0,0,0,0,0,0,0,0,0,0,0,0,0,0,,,,,,,,,,,,,,,,,,,,